LOT,PN,EXP
SH220901,A00301,2024-09-30
2020-0535,AR00014,2025-02-01
220614,AR00419,2023-06-13
2202014009,R-303000169,2027-01-13
2146018114,R-303000561,2026-06-11
2216007384,R-303000561,2026-05-03
2229016227,R-303000561,2026-05-03
2226035915,R-303001513,2026-09-23
2204015141,R-315060090,2023-04-01
2223010246,R-315060160,2023-09-01
2229004485,R-315060160,2023-03-19
2107012771,R-315060207,2023-03-01
MT12626553,R-315060883,2023-06-30
2233002061,R-3150611668,2023-11-01
214600235,R-3150611668,2023-04-01
2205006184,R-315061396,2023-07-01
2208004925,R-315061396,2023-07-01
2230013487,R-315061396,2024-01-19
2219014565,R-315061400,2023-10-13
2138001698,R-315062474,2023-03-02
2145011325,R-315062474,2023-03-02
2236020975,R-315062474,2023-04-01
2149004551,R-315067480,2023-02-23
2227019731,R-315067480,2023-03-01
2229022990,R-315067480,2023-06-01
2118001070,R-315067480,2023-04-01
2139005853,R-3150679253,2023-07-01
2230001561,R-317042018,2024-12-14
2248003806,R-317042018,2023-12-29
2209020074,R-317042029,2024-03-29
2225027931,R-317042029,2023-09-01
2235012805,R-317042029,2023-11-01
2049007774,R-317042029,2023-04-01
2146010705,R-317042029,2023-03-01
2209020261,R-317042029,2024-03-29
2243002264,R-317042029,2024-03-01
2242000794,R-317042029,2023-04-26
2220003078,R-317045400,2024-04-08
2223003497,R-317045400,2024-05-10
2202014364,R-3170461411,2023-05-25
2209008200,R-3170461411,2023-05-25
2025004947,R-3170461411,2023-04-01
2302005789,R-318090359,2023-11-02
2145017172,R-3260636310,2031-10-01
2229001654,R-3260636310,2031-10-01
2205009391,R-3260640115,2023-12-01
2127012870,R-606030748,2024-01-01
2151000634,R-6170536316,2024-06-01
